{"cameraMode":{"drawMode":0,"name":"Shaded","section":"Shading Mode"},"sceneLighting":true,"audioPlay":false,"sceneViewState":{"showFog":true,"showMaterialUpdate":true,"showSkybox":true,"showFlares":true,"showImageEffects":true,"showParticleSystems":true},"in2DMode":false,"pivot":{"x":-0.34930419921875,"y":0.535888671875,"z":1.19091796875},"rotation":{"x":-0.044968537986278537,"y":0.026969509199261667,"z":-0.001214236137457192,"w":-0.9986235499382019},"size":4.086567401885986,"orthographic":true}